Rank,Title,Lifetime Gross,Year
1,Avatar,"$2,923,710,708",2009
2,Avengers: Endgame,"$2,799,439,100",2019
3,Avatar: The Way of Water,"$2,320,250,281",2022
4,Titanic,"$2,264,812,968",1997
5,Star Wars: Episode VII - The Force Awakens,"$2,071,310,218",2015
6,Avengers: Infinity War,"$2,052,415,039",2018
7,Spider-Man: No Way Home,"$1,921,407,902",2021
8,Ne Zha 2,"$1,897,134,779",2025
9,Inside Out 2,"$1,698,863,816",2024
10,Jurassic World,"$1,671,537,444",2015
11,The Lion King,"$1,662,020,819",2019
12,The Avengers,"$1,520,538,536",2012
13,Furious 7,"$1,515,342,457",2015
14,Top Gun: Maverick,"$1,495,696,292",2022
15,Frozen II,"$1,453,683,476",2019
16,Barbie,"$1,447,038,421",2023
17,Avengers: Age of Ultron,"$1,405,018,048",2015
18,The Super Mario Bros. Movie,"$1,360,847,665",2023
19,Beauty and the Beast,"$1,356,081,801",2017
20,Black Panther,"$1,349,926,083",2018
21,Harry Potter and the Deathly Hallows: Part 2,"$1,342,499,744",2011
22,Deadpool & Wolverine,"$1,338,073,645",2024
23,Star Wars: Episode VIII - The Last Jedi,"$1,334,407,706",2017
24,Jurassic World: Fallen Kingdom,"$1,310,469,037",2018
25,Frozen,"$1,306,450,154",2013
26,Iron Man 3,"$1,266,152,644",2013
27,Incredibles 2,"$1,243,225,667",2018
28,The Fate of the Furious,"$1,236,009,236",2017
29,Minions,"$1,159,457,503",2015
30,Captain America: Civil War,"$1,155,046,416",2016
31,Aquaman,"$1,152,028,393",2018
32,The Lord of the Rings: The Return of the King,"$1,138,289,436",2003
33,Spider-Man: Far from Home,"$1,132,705,055",2019
34,Captain Marvel,"$1,131,416,446",2019
35,Transformers: Dark of the Moon,"$1,123,794,079",2011
36,The Dark Knight Rises,"$1,114,976,407",2012
37,Skyfall,"$1,108,594,137",2012
38,Transformers: Age of Extinction,"$1,105,261,713",2014
39,Jurassic Park,"$1,104,379,926",1993
40,Aladdin,"$1,097,831,681",2019
41,Joker,"$1,078,958,629",2019
42,Star Wars: Episode IX - The Rise of Skywalker,"$1,077,022,372",2019
43,Toy Story 4,"$1,073,841,394",2019
44,Toy Story 3,"$1,067,316,101",2010
45,Pirates of the Caribbean: Dead Man's Chest,"$1,066,179,747",2006
46,Moana 2,"$1,059,544,057",2024
47,Rogue One: A Star Wars Story,"$1,058,684,742",2016
48,Pirates of the Caribbean: On Stranger Tides,"$1,046,721,266",2011
49,Star Wars: Episode I - The Phantom Menace,"$1,046,515,409",1999
50,Despicable Me 3,"$1,034,800,131",2017
51,Finding Dory,"$1,029,266,989",2016
52,Harry Potter and the Sorcerer's Stone,"$1,026,428,854",2001
53,Zootopia,"$1,025,521,689",2016
54,Alice in Wonderland,"$1,025,468,216",2010
55,The Hobbit: An Unexpected Journey,"$1,017,107,150",2012
56,The Dark Knight,"$1,009,057,329",2008
57,Jurassic World: Dominion,"$1,001,978,080",2022
58,The Lion King,"$979,161,373",1994
59,Oppenheimer,"$975,811,333",2023
60,Harry Potter and the Deathly Hallows: Part 1,"$974,919,063",2010
61,Despicable Me 2,"$970,766,005",2013
62,Despicable Me 4,"$969,126,452",2024
63,The Jungle Book,"$967,724,775",2016
64,Jumanji: Welcome to the Jungle,"$962,544,585",2017
65,The Hobbit: The Battle of the Five Armies,"$962,253,946",2014
66,Pirates of the Caribbean: At World's End,"$961,691,209",2007
67,The Hobbit: The Desolation of Smaug,"$959,079,095",2013
68,Doctor Strange in the Multiverse of Madness,"$955,775,804",2022
69,Harry Potter and the Order of the Phoenix,"$942,867,374",2007
70,Finding Nemo,"$941,637,960",2003
71,Harry Potter and the Half-Blood Prince,"$941,056,063",2009
72,Minions: The Rise of Gru,"$940,482,695",2022
73,The Lord of the Rings: The Two Towers,"$938,262,265",2002
74,Shrek 2,"$932,530,034",2004
75,Bohemian Rhapsody,"$910,813,521",2018
76,The Battle at Lake Changjin,"$902,548,476",2021
77,Harry Potter and the Goblet of Fire,"$897,468,207",2005
78,Spider-Man 3,"$891,679,447",2007
79,The Lord of the Rings: The Fellowship of the Ring,"$888,189,566",2001
80,Ice Age: Dawn of the Dinosaurs,"$886,686,817",2009
81,Harry Potter and the Chamber of Secrets,"$882,767,796",2002
82,Spider-Man: Homecoming,"$880,960,014",2017
83,Spectre,"$880,707,597",2015
84,Ice Age: Continental Drift,"$877,244,782",2012
85,The Secret Life of Pets,"$875,698,161",2016
86,Batman v Superman: Dawn of Justice,"$874,362,803",2016
87,Wolf Warrior 2,"$870,325,439",2017
88,The Hunger Games: Catching Fire,"$865,011,746",2013
89,Guardians of the Galaxy Vol. 2,"$863,756,903",2017
90,Black Panther: Wakanda Forever,"$859,208,836",2022
91,Inside Out,"$859,076,254",2015
92,Venom,"$856,085,161",2018
93,Thor: Ragnarok,"$855,301,806",2017
94,Star Wars: Episode III - Revenge of the Sith,"$850,035,635",2005
95,The Twilight Saga: Breaking Dawn - Part 2,"$848,593,948",2012
96,Guardians of the Galaxy Vol. 3,"$845,555,777",2023
97,Inception,"$839,030,630",2010
98,Transformers: Revenge of the Fallen,"$836,304,167",2009
99,Spider-Man,"$825,802,095",2002
100,Wonder Woman,"$823,970,682",2017
101,"Hi, Mom","$822,009,764",2021
102,Independence Day,"$817,400,891",1996
103,Fantastic Beasts and Where to Find Them,"$816,037,575",2016
104,Coco,"$814,641,172",2017
105,Harry Potter and the Prisoner of Azkaban,"$808,481,128",2004
106,Shrek the Third,"$808,308,862",2007
107,Jumanji: The Next Level,"$801,693,929",2019
108,E.T. the Extra-Terrestrial,"$797,307,407",1982
109,Pirates of the Caribbean: Dead Men Tell No Tales,"$795,922,298",2017
110,Mission: Impossible - Fallout,"$791,658,205",2018
111,2012,"$791,217,826",2009
112,Fast & Furious 6,"$788,683,342",2013
113,Indiana Jones and the Kingdom of the Crystal Skull,"$786,636,033",2008
114,Deadpool 2,"$785,896,632",2018
115,Spider-Man 2,"$784,543,400",2004
116,Deadpool,"$782,837,347",2016
117,Star Wars: Episode IV - A New Hope,"$775,398,507",1977
118,No Time to Die,"$774,153,007",2021
119,Guardians of the Galaxy,"$773,350,376",2014
120,The Batman,"$772,319,315",2022
121,Thor: Love and Thunder,"$760,928,081",2022
122,Fast & Furious Presents: Hobbs & Shaw,"$760,732,926",2019
123,The Da Vinci Code,"$760,006,945",2006
124,Maleficent,"$759,853,685",2014
125,The Hunger Games: Mockingjay - Part 1,"$759,159,711",2014
126,The Amazing Spider-Man,"$758,707,722",2012
127,Interstellar,"$758,464,713",2014
128,Shrek Forever After,"$752,600,867",2010
129,Suicide Squad,"$749,200,054",2016
130,Wicked,"$747,289,164",2024
131,Madagascar 3: Europe's Most Wanted,"$746,921,274",2012
132,X-Men: Days of Future Past,"$746,045,700",2014
133,"The Chronicles of Narnia: The Lion, the Witch and the Wardrobe","$745,013,115",2005
134,Monsters University,"$743,559,645",2013
135,The Matrix Reloaded,"$741,847,937",2003
136,Up,"$735,102,136",2009
137,F9: The Fast Saga,"$726,229,501",2021
138,Ne Zha,"$726,225,471",2019
139,Gravity,"$723,719,539",2013
140,Mufasa: The Lion King,"$721,046,090",2024
141,The Amazing Spider-Man 2,"$716,916,608",2014
142,Dune: Part Two,"$714,644,358",2024
143,Captain America: The Winter Soldier,"$714,421,503",2014
144,The Twilight Saga: Breaking Dawn - Part 1,"$712,205,856",2011
145,The Twilight Saga: New Moon,"$711,048,123",2009
146,Dawn of the Planet of the Apes,"$710,644,566",2014
147,Transformers,"$709,709,780",2007
148,Fast X,"$704,875,015",2023
149,It,"$704,242,888",2017
150,The Wandering Earth,"$699,992,512",2019
151,The Twilight Saga: Eclipse,"$698,513,085",2010
152,The Hunger Games,"$695,220,619",2012
153,Mission: Impossible - Ghost Protocol,"$694,713,380",2011
154,Spider-Man: Across the Spider-Verse,"$690,824,738",2023
155,Detective Chinatown 3,"$686,257,563",2021
156,Mission: Impossible - Rogue Nation,"$682,716,636",2015
157,Forrest Gump,"$678,226,465",1994
158,Doctor Strange,"$677,796,833",2016
159,The Sixth Sense,"$672,806,432",1999
160,Full River Red,"$670,491,959",2023
161,Man of Steel,"$670,145,518",2013
162,Ice Age: The Meltdown,"$667,094,506",2006
163,Kung Fu Panda 2,"$665,692,281",2011
164,The Hunger Games: Mockingjay - Part 2,"$661,456,867",2015
165,Justice League,"$661,326,987",2017
166,Big Hero 6,"$657,870,525",2014
167,Fantastic Beasts: The Crimes of Grindelwald,"$655,755,901",2018
168,Pirates of the Caribbean: The Curse of the Black Pearl,"$654,264,546",2003
169,Men in Black³,"$654,213,485",2012
170,Star Wars: Episode II - Attack of the Clones,"$653,780,724",2002
171,Thor: The Dark World,"$644,783,140",2013
172,Moana,"$643,332,467",2016
173,Wonka,"$634,502,312",2023
174,Sing,"$634,338,409",2016
175,Kung Fu Panda,"$632,384,787",2008
176,The Incredibles,"$631,688,498",2004
177,The Martian,"$630,621,406",2015
178,Hancock,"$629,443,428",2008
179,Water Gate Bridge,"$626,571,697",2022
180,Fast Five,"$626,140,012",2011
181,Iron Man 2,"$623,933,331",2010
182,Ratatouille,"$623,729,380",2007
183,Ant-Man and the Wasp,"$622,674,139",2018
184,How to Train Your Dragon 2,"$621,537,519",2014
185,Logan,"$619,180,476",2017
186,The Lost World: Jurassic Park,"$618,638,999",1997
187,Casino Royale,"$616,585,752",2006
188,The Wandering Earth II,"$615,023,132",2023
189,The Passion of the Christ,"$612,060,372",2004
190,Mamma Mia!,"$611,452,132",2008
191,Life of Pi,"$609,016,565",2012
192,Ready Player One,"$607,874,422",2018
193,Transformers: The Last Knight,"$605,425,157",2017
194,Madagascar: Escape 2 Africa,"$603,900,354",2008
195,War of the Worlds,"$603,873,504",2005
196,Tangled,"$591,806,017",2010
197,Quantum of Solace,"$589,593,688",2008
198,Men in Black,"$589,390,539",1997
199,The Croods,"$587,266,745",2013
200,The Hangover Part II,"$586,764,305",2011
201,Iron Man,"$585,796,247",2008
202,I Am Legend,"$585,410,052",2007
203,"Monsters, Inc.","$579,770,299",2001
204,Operation Red Sea,"$579,330,426",2018
205,Night at the Museum,"$574,482,479",2006
206,Godzilla x Kong: The New Empire,"$571,850,016",2024
207,Mission: Impossible - Dead Reckoning Part One,"$571,125,435",2023
208,Fifty Shades of Grey,"$569,651,467",2015
209,The Little Mermaid,"$569,626,289",2023
210,Kong: Skull Island,"$568,652,812",2017
211,The Smurfs,"$563,892,376",2011
212,Cars 2,"$559,853,036",2011
213,King Kong,"$556,906,378",2005
214,Puss in Boots,"$554,987,477",2011
215,The Mermaid,"$553,810,228",2016
216,Armageddon,"$553,712,773",1998
217,The Day After Tomorrow,"$552,639,571",2004
218,Star Wars: Episode V - The Empire Strikes Back,"$550,016,086",1980
219,Ted,"$549,368,315",2012
220,Kung Fu Panda 4,"$547,689,492",2024
221,American Sniper,"$547,659,020",2014
222,Mission: Impossible II,"$546,388,108",2000
223,Detective Chinatown 2,"$544,185,156",2018
224,Despicable Me,"$544,174,973",2010
225,X-Men: Apocalypse,"$543,934,105",2016
226,Sherlock Holmes: A Game of Shadows,"$543,848,418",2011
227,Cinderella,"$542,358,331",2015
228,Madagascar,"$542,064,525",2005
229,Hotel Transylvania 3: Summer Vacation,"$541,504,608",2018
230,World War Z,"$540,455,876",2013
231,How to Train Your Dragon: The Hidden World,"$539,987,993",2019
232,The Grinch,"$539,294,964",2018
233,Brave,"$538,983,207",2012
234,The Simpsons Movie,"$536,414,293",2007
235,Dunkirk,"$533,696,799",2017
236,The Revenant,"$532,950,503",2015
237,No More Bets,"$532,600,264",2023
238,The Meg,"$529,338,515",2018
239,Ralph Breaks the Internet,"$529,323,962",2018
240,The Boss Baby,"$527,965,936",2017
241,WALL·E,"$527,403,656",2008
242,Godzilla,"$524,978,362",2014
243,Sherlock Holmes,"$524,028,679",2009
244,Meet the Fockers,"$522,657,936",2004
245,Kung Fu Panda 3,"$521,170,825",2016
246,Ant-Man,"$519,311,965",2015
247,Terminator 2: Judgment Day,"$517,778,573",1991
248,La La Land,"$509,183,536",2016
249,Venom: Let There Be Carnage,"$506,813,864",2021
250,Ghost,"$505,703,557",1990
251,Aladdin,"$504,050,219",1992
252,Rio 2,"$498,781,117",2014
253,Troy,"$497,409,852",2004
254,Toy Story 2,"$497,375,381",1999
255,Elemental,"$496,444,308",2023
256,How to Train Your Dragon,"$494,879,860",2010
257,Twister,"$494,580,615",1996
258,Oz the Great and Powerful,"$493,311,825",2013
259,Clash of the Titans,"$493,214,993",2010
260,Maleficent: Mistress of Evil,"$491,730,089",2019
261,Sonic the Hedgehog 3,"$491,115,100",2024
262,War for the Planet of the Apes,"$490,719,763",2017
263,Shrek,"$488,977,919",2001
264,Lost in the Stars,"$487,637,474",2023
265,Mr. & Mrs. Smith,"$487,287,646",2005
266,Angels & Demons,"$485,930,816",2009
267,Teenage Mutant Ninja Turtles,"$485,004,754",2014
268,Bruce Almighty,"$484,592,874",2003
269,Rio,"$483,866,772",2011
270,Star Wars: Episode VI - Return of the Jedi,"$482,466,382",1983
271,Saving Private Ryan,"$482,352,390",1998
272,Rise of the Planet of the Apes,"$481,800,873",2011
273,Puss in Boots: The Last Wish,"$481,757,663",2022
274,Venom: The Last Dance,"$478,931,196",2024
275,Jaws,"$477,916,625",1975
276,Home Alone,"$476,684,675",1990
277,Ant-Man and the Wasp: Quantumania,"$476,071,180",2023
278,Hotel Transylvania 2,"$475,186,976",2015
279,Charlie and the Chocolate Factory,"$474,968,763",2005
280,San Andreas,"$474,609,154",2015
281,Indiana Jones and the Last Crusade,"$474,171,806",1989
282,Demon Slayer: Kimetsu no Yaiba - The Movie: Mugen Train,"$473,230,408",2020
283,It Chapter Two,"$473,123,154",2019
284,Wreck-It Ralph,"$471,222,950",2012
285,The King's Speech,"$471,155,448",2010
286,The Lego Movie,"$470,759,687",2014
287,Godzilla vs. Kong,"$470,116,094",2021
288,The Hangover,"$469,328,922",2009
289,The Greatest Showman,"$469,064,959",2017
290,Lucy,"$469,058,574",2014
291,Bumblebee,"$467,989,645",2018
292,The Matrix,"$467,841,735",1999
293,Star Trek Into Darkness,"$467,365,246",2013
294,Gladiator,"$465,516,248",2000
295,Pretty Woman,"$463,406,268",1990
296,Gladiator II,"$462,180,717",2024
297,Cars,"$461,996,328",2006
298,The Eight Hundred,"$461,421,559",2020
299,X-Men: The Last Stand,"$460,435,291",2006
300,Moon Man,"$460,237,662",2022
301,National Treasure: Book of Secrets,"$459,242,249",2007
302,Mission: Impossible,"$457,696,391",1996
303,300,"$456,082,343",2007
304,The Last Samurai,"$454,627,263",2003
305,Beetlejuice Beetlejuice,"$451,900,435",2024
306,Beauty and the Beast,"$451,291,298",1991
307,Dying to Survive,"$451,183,391",2018
308,Ocean's Eleven,"$450,717,150",2001
309,"My People, My Country","$450,064,993",2019
310,Pokémon: Detective Pikachu,"$450,063,166",2019
311,Thor,"$449,326,618",2011
312,Pearl Harbor,"$449,220,945",2001
313,Tarzan,"$448,191,819",1999
314,1917,"$446,064,352",2019
315,Men in Black II,"$445,135,288",2002
316,The Mummy Returns,"$443,284,916",2001
317,Alvin and the Chipmunks: The Squeakquel,"$443,140,005",2009
318,The Bourne Ultimatum,"$442,824,138",2007
319,Les Misérables,"$442,757,529",2012
320,Transformers: Rise of the Beasts,"$441,656,550",2023
321,Mrs. Doubtfire,"$441,286,195",1993
322,Terminator Genisys,"$440,603,537",2015
323,John Wick: Chapter 4,"$440,180,275",2023
324,Aquaman and the Lost Kingdom,"$439,381,226",2023
325,Warcraft,"$439,048,914",2016
326,A Star Is Born,"$436,433,122",2018
327,Yolo,"$433,593,489",2024
328,Terminator 3: Rise of the Machines,"$433,371,112",2003
329,Shang-Chi and the Legend of the Ten Rings,"$432,243,292",2021
330,Die Another Day,"$431,971,781",2002
331,The Secret Life of Pets 2,"$431,164,459",2019
332,The Exorcist,"$430,872,776",1973
333,Cast Away,"$429,632,142",2000
334,Rampage,"$428,128,399",2018
335,The Matrix Revolutions,"$427,344,325",2003
336,The Intouchables,"$426,590,315",2011
337,Bad Boys for Life,"$426,505,244",2020
338,Django Unchained,"$426,076,293",2012
339,Dances with Wolves,"$424,208,848",1990
340,Pegasus 2,"$422,878,491",2024
341,"My People, My Homeland","$422,390,820",2020
342,Successor,"$422,307,398",2024
343,The Chronicles of Narnia: Prince Caspian,"$419,665,568",2008
344,Sex and the City,"$418,769,972",2008
345,The Captain,"$417,863,545",2019
346,The Mummy,"$417,643,286",1999
347,The Chronicles of Narnia: The Voyage of the Dawn Treader,"$415,686,217",2010
348,Jason Bourne,"$415,484,914",2016
349,The Wolverine,"$414,828,246",2013
350,Kingsman: The Secret Service,"$414,351,546",2015
351,Night at the Museum: Battle of the Smithsonian,"$413,106,170",2009
352,Batman,"$411,569,241",1989
353,The Bodyguard,"$411,046,449",1992
354,Pacific Rim,"$411,002,906",2013
355,Kingsman: The Golden Circle,"$410,902,662",2017
356,Dune: Part One,"$410,668,018",2021
357,TRON: Legacy,"$409,912,892",2010
358,Captain America: Brave New World,"$409,605,904",2025
359,The Mummy,"$409,231,607",2017
360,Ice Age: Collision Course,"$408,754,975",2016
361,Twilight,"$408,513,574",2008
362,Sing 2,"$408,402,685",2021
363,Signs,"$408,247,917",2002
364,X2: X-Men United,"$407,711,549",2003
365,Fantastic Beasts: The Secrets of Dumbledore,"$407,150,844",2022
366,Uncharted,"$407,141,258",2022
367,The Wolf of Wall Street,"$407,039,432",2013
368,Sonic the Hedgehog 2,"$405,421,518",2022
369,Your Name.,"$405,340,703",2016
370,Alita: Battle Angel,"$404,980,543",2019
371,Bad Boys: Ride or Die,"$404,550,184",2024
372,The Mummy: Tomb of the Dragon Emperor,"$403,449,830",2008
373,Prometheus,"$403,354,469",2012
374,Gone with the Wind,"$402,382,193",1939
375,Eternals,"$402,064,899",2021
376,Mission: Impossible III,"$398,479,497",2006
377,Meg 2: The Trench,"$397,800,317",2023
378,Kingdom of the Planet of the Apes,"$397,378,150",2024
379,Snow White and the Huntsman,"$396,592,829",2012
380,Grease,"$396,271,103",1978
381,Mamma Mia! Here We Go Again,"$395,607,854",2018
382,Toy Story,"$394,436,586",1995
383,Spider-Man: Into the Spider-Verse,"$393,602,435",2018
384,Black Adam,"$393,452,111",2022
385,Solo: A Star Wars Story,"$392,924,807",2018
386,Once Upon a Time... in Hollywood,"$392,105,159",2019
387,Superman Returns,"$391,081,192",2006
388,Robin Hood: Prince of Thieves,"$390,493,908",1991
389,Raiders of the Lost Ark,"$389,925,971",1981
390,Independence Day: Resurgence,"$389,681,935",2016
391,Live Free or Die Hard,"$388,156,011",2007
392,Godzilla: King of the Monsters,"$387,300,138",2019
393,Monster Hunt,"$387,053,506",2015
394,Home,"$386,041,607",2015
395,Star Trek,"$385,681,768",2009
396,Back to the Future,"$385,053,307",1985
397,Happy Feet,"$384,336,179",2006
398,Indiana Jones and the Dial of Destiny,"$383,963,057",2023
399,Cars 3,"$383,930,656",2017
400,Ice Age,"$383,257,136",2002
401,Fifty Shades Darker,"$381,545,846",2017
402,Monsters vs. Aliens,"$381,509,870",2009
403,Mad Max: Fury Road,"$380,437,267",2015
404,Black Widow,"$379,751,655",2021
405,Godzilla,"$379,014,294",1998
406,True Lies,"$378,882,411",1994
407,Slumdog Millionaire,"$378,411,362",2008
408,Edge of Tomorrow,"$377,044,245",2014
409,Taken 2,"$376,152,455",2012
410,G.I. Joe: Retaliation,"$375,740,705",2013
411,Batman Begins,"$375,406,308",2005
412,Shark Tale,"$374,583,879",2004
413,What Women Want,"$374,111,707",2000
414,The Adventures of Tintin,"$373,994,233",2011
415,Penguins of Madagascar,"$373,515,621",2014
416,X-Men Origins: Wolverine,"$373,062,864",2009
417,Creation of the Gods I: Kingdom of Storms,"$373,021,923",2023
418,Twisters,"$372,262,265",2024
419,The Golden Compass,"$372,234,864",2007
420,Fifty Shades Freed,"$371,985,018",2018
421,Hitch,"$371,594,210",2005
422,Terminator Salvation,"$371,353,001",2009
423,Gone Girl,"$370,890,259",2014
424,Captain America: The First Avenger,"$370,569,774",2011
425,There's Something About Mary,"$369,884,651",1998
426,The Fugitive,"$368,875,760",1993
427,Jurassic Park III,"$368,780,809",2001
428,My Big Fat Greek Wedding,"$368,744,044",2002
429,Shazam!,"$367,799,011",2019
430,Hello Mr. Billionaire,"$366,961,907",2018
431,Die Hard with a Vengeance,"$366,101,666",1995
432,The Nun,"$366,082,797",2018
433,Alvin and the Chipmunks,"$365,352,546",2007
434,Tenet,"$365,304,105",2020
435,Notting Hill,"$364,003,519",1999
436,A Bug's Life,"$363,258,859",1998
437,Night at the Museum: Secret of the Tomb,"$363,204,635",2014
438,Ocean's Twelve,"$362,744,280",2004
439,Mary Poppins Returns,"$362,529,106",2018
440,Planet of the Apes,"$362,211,740",2001
441,The Hangover Part III,"$362,000,072",2013
442,The World Is Not Enough,"$361,832,400",1999
443,Monster Hunt 2,"$361,682,618",2018
444,Fast & Furious,"$360,405,638",2009
445,Noah,"$359,200,044",2014
446,The Karate Kid,"$359,126,022",2010
447,Home Alone 2: Lost in New York,"$358,994,850",1992
448,Spirited Away,"$358,901,308",2001
449,Hotel Transylvania,"$358,488,860",2012
450,Minority Report,"$358,372,926",2002
451,Top Gun,"$357,288,178",1986
452,The Legend of Tarzan,"$357,243,061",2016
453,American Beauty,"$356,296,601",1999
454,Apollo 13,"$355,237,933",1995
455,Rain Man,"$354,825,435",1988
456,The Great Gatsby,"$353,660,028",2013
457,Dumbo,"$353,284,621",2019
458,"I, Robot","$353,133,898",2004
459,Basic Instinct,"$352,927,224",1992
460,Murder on the Orient Express,"$352,794,081",2017
461,X-Men: First Class,"$352,616,690",2011
462,The Angry Birds Movie,"$352,333,929",2016
463,GoldenEye,"$352,194,034",1995
464,Catch Me If You Can,"$352,114,312",2002
465,Now You See Me,"$351,723,989",2013
466,Hannibal,"$351,692,268",2001
467,The Mask,"$351,583,407",1994
468,Peter Rabbit,"$351,516,614",2018
469,It Ends with Us,"$351,441,044",2024
470,Alien: Romulus,"$350,865,342",2024
471,Speed,"$350,448,145",1994
472,Dinosaur,"$349,822,765",2000
473,Deep Impact,"$349,464,664",1998
474,The Lorax,"$349,305,397",2012
475,The Hunger Games: The Ballad of Songbirds & Snakes,"$348,900,019",2023
476,The Maze Runner,"$348,319,861",2014
477,The Smurfs 2,"$347,545,360",2013
478,National Treasure,"$347,512,530",2004
479,Trolls,"$347,337,803",2016
480,Rush Hour 2,"$347,325,802",2001
481,How the Grinch Stole Christmas,"$347,162,175",2000
482,xXx: Return of Xander Cage,"$346,118,277",2017
483,Pocahontas,"$346,079,773",1995
484,Star Trek Beyond,"$343,471,816",2016
485,Alvin and the Chipmunks: Chipwrecked,"$342,695,435",2011
486,Wanted,"$342,463,063",2008
487,The Flintstones,"$341,631,208",1994
488,A Quiet Place,"$340,955,294",2018
489,Enchanted,"$340,487,869",2007
490,Over the Hedge,"$339,795,890",2006
491,300: Rise of an Empire,"$337,580,051",2014
492,Batman Forever,"$336,567,158",1995
493,Prince of Persia: The Sands of Time,"$336,365,676",2009
494,The Curious Case of Benjamin Button,"$335,802,786",2008
495,Journey 2: The Mysterious Island,"$335,288,576",2012
496,The Rock,"$335,062,621",1996
497,The Great Wall,"$334,933,831",2016
498,Now You See Me 2,"$334,897,606",2016
499,Never Say Die,"$334,530,869",2017
500,Fantastic Four,"$333,535,934",2005
501,The Wild Robot,"$333,165,945",2024
502,Indiana Jones and the Temple of Doom,"$333,107,271",1984
503,Tomorrow Never Dies,"$333,011,068",1997
504,Back to the Future Part II,"$332,861,197",1989
505,The Good Dinosaur,"$332,207,671",2015
506,Little Women,"$332,103,783",2019
507,Free Guy,"$331,526,598",2021
508,22 Jump Street,"$331,333,876",2014
509,Meet the Parents,"$330,444,045",2000
510,Who Framed Roger Rabbit,"$329,803,958",1988
511,Black Swan,"$329,398,046",2010
512,Seven,"$328,980,168",1995
513,The Perfect Storm,"$328,718,434",2000
514,John Wick: Chapter 3 - Parabellum,"$328,349,908",2019
515,Crocodile Dundee,"$328,203,506",1986
516,Crazy Alien,"$327,598,891",2019
517,The Devil Wears Prada,"$326,720,785",2006
518,Taken 3,"$326,479,141",2015
519,Paddington,"$326,088,587",2014
520,The Hunchback of Notre Dame,"$325,338,851",1996
521,A Christmas Carol,"$325,286,646",2009
522,The SpongeBob Movie: Sponge Out of Water,"$325,186,032",2015
523,Bridesmaids,"$324,840,797",2011
524,The Conjuring 2,"$322,811,702",2016
525,Schindler's List,"$322,161,245",1993
526,Parasite,"$322,056,532",2019
527,Megamind,"$321,885,765",2010
528,Green Book,"$321,752,656",2018
529,Lethal Weapon 3,"$321,731,527",1992
530,Robin Hood,"$321,669,741",2010
531,Inglourious Basterds,"$321,460,744",2009
532,101 Dalmatians,"$320,689,294",1996
533,The Conjuring,"$320,415,166",2013
534,Fatal Attraction,"$320,145,693",1987
535,Sonic the Hedgehog,"$319,715,683",2020
536,The Last Airbender,"$319,713,881",2010
537,The Polar Express,"$318,910,211",2004
538,The Proposal,"$317,375,937",2009
539,A Beautiful Mind,"$316,791,257",2001
540,Beverly Hills Cop,"$316,360,478",1984
541,Air Force One,"$315,156,409",1997
542,Wonder,"$315,025,930",2017
543,The Expendables 2,"$314,975,955",2012
544,Chicken Little,"$314,432,837",2005
545,As Good as It Gets,"$314,178,011",1997
546,Austin Powers: The Spy Who Shagged Me,"$313,701,294",1999
547,Knives Out,"$312,897,920",2019
548,The Lego Batman Movie,"$312,336,671",2017
549,Maze Runner: The Scorch Trials,"$312,296,056",2015
550,Resident Evil: The Final Chapter,"$312,242,626",2016
551,Ocean's Thirteen,"$311,312,624",2007
552,Little Fockers,"$310,650,585",2010
553,Bolt,"$309,979,994",2008
554,Ransom,"$309,492,681",1996
555,Runaway Bride,"$309,460,292",1999
556,The Blind Side,"$309,231,694",2009
557,The Ex-File 3: Return of the Exes,"$307,592,427",2017
558,The Fault in Our Stars,"$307,170,119",2014
559,The Pursuit of Happyness,"$307,127,625",2006
560,Rise of the Guardians,"$306,941,670",2012
561,Article 20,"$306,899,794",2024
562,Close Encounters of the Third Kind,"$306,889,114",1977
563,Chicago,"$306,777,366",2002
564,Annabelle: Creation,"$306,592,201",2017
565,Skyscraper,"$304,870,828",2018
566,A Good Day to Die Hard,"$304,654,182",2013
567,Mulan,"$304,320,254",1998
568,Dangal,"$303,726,694",2016
569,Passengers,"$303,144,152",2016
570,Battleship,"$303,025,485",2012
571,Liar Liar,"$302,710,615",1997
572,G.I. Joe: The Rise of Cobra,"$302,469,017",2009
573,Wrath of the Titans,"$301,970,083",2012
574,Never Say Never,"$301,957,043",2023
575,Fantastic Four: Rise of the Silver Surfer,"$301,913,131",2007
576,Hook,"$300,854,823",1991
577,Superman,"$300,478,449",1978
578,Rocky IV,"$300,473,716",1985
579,Rambo: First Blood Part II,"$300,400,432",1985
580,Resident Evil: Afterlife,"$300,228,084",2010
581,Migration,"$300,187,799",2023
582,Van Helsing,"$300,157,638",2004
583,Stuart Little,"$300,135,367",1999
584,Beverly Hills Cop II,"$299,965,036",1987
585,Alice Through the Looking Glass,"$299,820,798",2016
586,My Best Friend's Wedding,"$299,288,605",1997
587,Real Steel,"$299,268,508",2011
588,Horton Hears a Who!,"$298,572,799",2008
589,Ocean's Eight,"$297,795,726",2018
590,A Quiet Place Part II,"$297,372,261",2021
591,Insurgent,"$297,002,527",2015
592,Look Who's Talking,"$296,999,813",1989
593,Austin Powers in Goldmember,"$296,939,148",2002
594,Ghostbusters,"$296,640,120",1984
595,Miss Peregrine's Home for Peculiar Children,"$296,482,446",2016
596,X-Men,"$296,339,528",2000
597,Ferdinand,"$296,069,199",2017
598,Shutter Island,"$294,978,537",2010
599,Doctor Dolittle,"$294,456,605",1998
600,Bee Movie,"$293,514,336",2007
601,Salt,"$293,503,354",2010
602,G-Force,"$292,817,898",2009
603,The Bourne Supremacy,"$292,542,992",2004
604,Five Nights at Freddy's,"$291,493,620",2023
605,The Departed,"$291,481,358",2006
606,What Lies Beneath,"$291,420,351",2000
607,Pacific Rim: Uprising,"$290,930,148",2018
608,Sex and the City 2,"$290,745,055",2010
609,Paddington 2,"$290,132,513",2017
610,Shakespeare in Love,"$289,317,794",1998
611,Divergent,"$288,885,818",2014
612,Coming to America,"$288,752,301",1988
613,Elvis,"$288,670,284",2022
614,Wedding Crashers,"$288,485,135",2005
615,Maze Runner: The Death Cure,"$288,175,335",2018
616,Casper,"$288,144,179",1995
617,American Pie 2,"$287,553,595",2001
618,Pitch Perfect 2,"$287,144,079",2015
619,The Green Mile,"$286,801,374",1999
620,Oblivion,"$286,168,572",2013
621,Elysium,"$286,140,700",2013
622,Suzume,"$285,675,626",2022
623,Lethal Weapon 4,"$285,444,603",1998
624,John Carter,"$284,139,100",2012
625,Turbo,"$282,570,682",2013
626,The Boy and the Heron,"$282,422,186",2023
627,Bridget Jones's Diary,"$281,996,360",2001
628,The Tourist,"$278,780,441",2010
629,Split,"$278,454,417",2017
630,Scary Movie,"$278,019,771",2000
631,xXx,"$277,448,382",2002
632,Blade Runner 2049,"$276,605,984",2017
633,Creed III,"$276,148,615",2023
634,The Bourne Legacy,"$276,144,750",2012
635,Mr. Peabody & Sherman,"$275,698,039",2014
636,Scooby-Doo,"$275,679,958",2002
637,Lincoln,"$275,293,450",2012
638,Tomb Raider,"$274,950,803",2018
639,Lara Croft: Tomb Raider,"$274,703,340",2001
640,The Expendables,"$274,470,394",2010
641,Cloudy with a Chance of Meatballs 2,"$274,325,949",2013
642,The Nutty Professor,"$273,961,019",1996
643,Jerry Maguire,"$273,552,592",1996
644,Bad Boys II,"$273,340,010",2003
645,Lilo & Stitch,"$273,147,061",2002
646,The Silence of the Lambs,"$272,742,922",1991
647,Grown Ups,"$271,457,606",2010
648,The Flash,"$271,433,313",2023
649,Neighbors,"$270,665,134",2014
650,The Firm,"$270,248,367",1993
651,We're the Millers,"$269,994,119",2012
652,Gran Torino,"$269,958,228",2008
653,"10,000 BC","$269,784,201",2008
654,American Gangster,"$269,755,430",2007
655,The Nun II,"$269,667,073",2023
656,Epic,"$268,426,634",2013
657,Exodus: Gods and Kings,"$268,175,631",2014
658,This Is It,"$267,983,588",2009
659,Bambi,"$267,447,150",1942
660,The Princess and the Frog,"$267,056,816",2009
661,Batman Returns,"$266,941,512",1992
662,Indecent Proposal,"$266,614,059",1993
663,Something's Gotta Give,"$265,328,738",2003
664,Bridget Jones: The Edge of Reason,"$265,126,918",2004
665,The Incredible Hulk,"$264,770,996",2008
666,Waterworld,"$264,218,220",1995
667,The Truman Show,"$264,118,712",1998
668,Charlie's Angels,"$264,105,545",2000
669,The Fifth Element,"$263,920,180",1997
670,Jumanji,"$262,821,940",1995
671,Borat,"$262,552,893",2006
672,Robots,"$262,511,490",2005
673,Knight and Day,"$261,989,769",2008
674,A Quiet Place: Day One,"$261,907,653",2024
675,Taylor Swift: The Eras Tour,"$261,656,269",2023
676,Total Recall,"$261,317,921",1990
677,Encanto,"$261,284,192",2021
678,Terminator: Dark Fate,"$261,119,292",2019
679,The Lone Ranger,"$260,502,115",2013
680,Super 8,"$260,095,986",2011
681,Halloween,"$259,939,869",2018
682,Mojin: The Lost Legend,"$259,368,448",2015
683,Charlie's Angels: Full Throttle,"$259,175,788",2003
684,Rush Hour 3,"$258,097,122",2007
685,The Full Monty,"$257,938,649",1997
686,Erin Brockovich,"$257,851,763",2000
687,Kung Fu Yoga,"$257,753,889",2017
688,Annabelle,"$257,589,952",2014
689,The Garfield Movie,"$257,211,519",2024
690,The Village,"$256,697,520",2003
691,Lost in Hong Kong,"$256,283,912",2015
692,Us,"$256,071,218",2019
693,Pegasus,"$255,863,112",2019
694,Get Out,"$255,751,443",2016
695,Marley & Me,"$255,743,968",2008
696,Cliffhanger,"$255,000,211",1993
697,Wish,"$254,997,360",2023
698,Baahubali 2: The Conclusion,"$254,158,390",2017
699,Babe,"$254,134,910",1995
700,Men in Black: International,"$253,890,701",2019
701,Wild Hogs,"$253,625,427",2007
702,High School Musical 3: Senior Year,"$252,909,177",2008
703,Hercules,"$252,712,101",1997
704,X-Men: Dark Phoenix,"$252,442,974",2019
705,True Grit,"$252,278,285",2010
706,Dolittle,"$251,410,631",2020
707,Bean,"$251,212,670",1997
708,American Hustle,"$251,171,807",2013
709,Boonie Bears: Time Twist,"$250,923,394",2024
710,Enemy of the State,"$250,849,789",1998
711,You've Got Mail,"$250,821,575",1998
712,Love Actually,"$250,779,876",2003
713,Sound of Freedom,"$250,570,396",2023
714,Eragon,"$250,425,512",2006
715,Brother Bear,"$250,397,798",2003
716,The Bad Guys,"$250,387,888",2022
717,The Godfather,"$250,342,198",1972
718,Chang An,"$250,318,788",2023
719,The Mask of Zorro,"$250,288,523",1998
720,The Ring,"$249,348,933",2002
721,The Blair Witch Project,"$248,639,099",1999
722,Unbreakable,"$248,118,121",2000
723,Journey to the West: The Demons Strike Back,"$247,585,244",2017
724,Dumb and Dumber,"$247,290,327",1994
725,Glass,"$246,999,039",2019
726,Grown Ups 2,"$246,984,278",2013
727,The First Slam Dunk,"$246,880,077",2022
728,The Peanuts Movie,"$246,233,113",2015
729,Rango,"$245,724,603",2011
730,Four Weddings and a Funeral,"$245,700,832",1994
731,Face/Off,"$245,676,146",1997
732,Teenage Mutant Ninja Turtles: Out of the Shadows,"$245,623,848",2016
733,Dark Shadows,"$245,527,149",2012
734,Hulk,"$245,285,165",2003
735,The Bravest,"$245,179,562",2019
736,Welcome to the Sticks,"$245,144,417",2008
737,Back to the Future Part III,"$245,077,583",1990
738,Pixels,"$244,874,809",2015
739,Hercules,"$244,819,862",2014
740,Rush Hour,"$244,721,064",1998
741,Journey to the Center of the Earth,"$244,232,688",2008
742,Sully,"$243,870,033",2016
743,After Earth,"$243,611,982",2013
744,A Few Good Men,"$243,240,178",1992
745,Cloudy with a Chance of Meatballs,"$243,006,136",2009
746,8 Mile,"$242,875,078",2002
747,Daddy's Home,"$242,786,137",2015
748,RoboCop,"$242,688,965",2014
749,Eraser,"$242,295,562",1996
750,Howl's Moving Castle,"$240,939,737",2004
751,Alien: Covenant,"$240,892,187",2017
752,Assassin's Creed,"$240,697,856",2016
753,Click,"$240,685,326",2006
754,Jiang Ziya,"$240,646,355",2020
755,Planes,"$240,171,783",2013
756,Resident Evil: Retribution,"$240,159,255",2012
757,Die Hard 2,"$240,031,274",1990
758,Crocodile Dundee II,"$239,606,210",1988
759,Crazy Rich Asians,"$239,343,729",2018
760,Bullet Train,"$239,268,602",2022
761,Batman & Robin,"$238,259,753",1997
762,Gulliver's Travels,"$237,382,724",2010
763,Gone in 60 Seconds,"$237,202,299",2000
764,Green Lantern,"$237,201,172",2011
765,Saturday Night Fever,"$237,113,184",1977
766,Silver Linings Playbook,"$236,412,453",2012
767,2 Fast 2 Furious,"$236,353,236",2003
768,Hidden Figures,"$235,957,472",2016
769,A.I. Artificial Intelligence,"$235,926,635",2001
770,Dead Poets Society,"$235,860,116",1989
771,Spy,"$235,666,219",2015
772,American Pie,"$235,483,004",1999
773,American Reunion,"$234,989,584",2012
774,Big Daddy,"$234,801,895",1999
775,Alvin and the Chipmunks: The Road Chip,"$234,798,636",2015
776,The Imitation Game,"$233,555,708",2014
777,Cruella,"$233,503,234",2021
778,The Day the Earth Stood Still,"$233,093,859",2008
779,American Wedding,"$232,722,935",2003
780,The Girl with the Dragon Tattoo,"$232,617,430",2011
781,Juno,"$232,373,066",2007
782,Argo,"$232,325,503",2012
783,Mr. Bean's Holiday,"$232,225,908",2007
784,The English Patient,"$231,976,425",1996
785,Sister Act,"$231,605,150",1992
786,Annabelle Comes Home,"$231,252,591",2019
787,Constantine,"$230,884,728",2005
788,Get Smart,"$230,685,453",2008
789,Space Jam,"$230,594,962",1996
790,Elf,"$230,266,511",2003
791,Life Is Beautiful,"$230,099,013",1998
792,The Heat,"$229,930,771",2013
793,Ghostbusters,"$229,147,509",2016
794,Ghost Rider,"$228,738,393",2007
795,Goodbye Mr. Loser,"$228,122,928",2015
796,Sleepless in Seattle,"$227,927,165",1993
797,Lethal Weapon 2,"$227,853,986",1989
798,The Green Hornet,"$227,817,248",2011
799,Out of Africa,"$227,514,205",1985
800,Better Days,"$227,313,644",2019
801,Youth,"$227,091,290",2017
802,Baby Driver,"$226,945,087",2017
803,Immortals,"$226,904,017",2011
804,Taken,"$226,837,760",2008
805,Percy Jackson & the Olympians: The Lightning Thief,"$226,497,209",2010
806,Lightyear,"$226,425,420",2022
807,Hansel & Gretel: Witch Hunters,"$226,349,749",2013
808,Ford v Ferrari,"$226,299,480",2019
809,Valerian and the City of a Thousand Planets,"$225,973,340",2017
810,Good Will Hunting,"$225,933,435",1997
811,Jumper,"$225,132,113",2008
812,The Social Network,"$224,927,749",2010
813,Chicken Run,"$224,888,359",2000
814,Con Air,"$224,012,234",1997
815,Interview with the Vampire,"$223,664,608",1994
816,Flightplan,"$223,387,299",2005
817,Yes Man,"$223,241,637",2008
818,Non-Stop,"$222,809,600",2014
819,"Honey, I Shrunk the Kids","$222,724,172",1989
820,Fahrenheit 9/11,"$222,446,882",2004
821,Wild Wild West,"$222,104,681",1999
822,Geostorm,"$221,900,160",2017
823,"My Country, My Parents","$221,831,086",2021
824,The Help,"$221,802,186",2011
825,Napoleon,"$221,394,838",2023
826,Presumed Innocent,"$221,303,188",1990
827,Jungle Cruise,"$220,889,446",2021
828,Scary Movie 3,"$220,673,217",2003
829,Anyone But You,"$220,332,985",2023
830,Collateral,"$220,240,655",2004
831,Inferno,"$220,021,259",2016
832,Knocked Up,"$219,922,417",2007
833,What Happens in Vegas,"$219,375,562",2008
834,It's Complicated,"$219,103,655",2009
835,The Terminal,"$219,100,084",2004
836,Captain Phillips,"$218,791,811",2013
837,The Prince of Egypt,"$218,613,188",1998
838,Jack Reacher,"$218,340,595",2012
839,Kingdom of Heaven,"$218,237,071",2005
840,Smallfoot,"$218,015,531",2018
841,Boonie Bears: Guardian Code,"$218,011,810",2023
842,The Emoji Movie,"$217,776,646",2017
843,Smile,"$217,408,513",2022
844,Too Cool to Kill,"$217,254,604",2022
845,Dracula Untold,"$217,124,280",2014
846,Central Intelligence,"$216,940,871",2016
847,Million Dollar Baby,"$216,763,646",2004
848,Twins,"$216,614,388",1988
849,Valentine's Day,"$216,528,528",2010
850,Superman II,"$216,385,706",1981
851,Bad Teacher,"$216,197,492",2011
852,A Little Red Flower,"$216,000,000",2020
853,The Croods: A New Age,"$215,905,815",2020
854,Clear and Present Danger,"$215,887,717",1994
855,One Hundred and One Dalmatians,"$215,880,014",1961
856,Ted 2,"$215,863,606",2015
857,Dracula,"$215,862,692",1992
858,Vertical Limit,"$215,663,859",2000
859,Ghostbusters II,"$215,394,738",1989
860,The Patriot,"$215,294,342",2000
861,The Sorcerer's Apprentice,"$215,283,742",2010
862,Just Go with It,"$214,945,591",2011
863,The Expendables 3,"$214,657,577",2014
864,Dirty Dancing,"$214,577,242",1987
865,Creed II,"$214,215,889",2018
866,Public Enemies,"$214,104,620",2009
867,The Bourne Identity,"$214,034,224",2002
868,Disclosure,"$214,015,089",1994
869,"Crouching Tiger, Hidden Dragon","$213,978,518",2000
870,Pulp Fiction,"$213,928,762",1994
871,The Aviator,"$213,719,942",2004
872,Braveheart,"$213,216,216",1995
873,Into the Woods,"$212,902,959",2014
874,Bedtime Stories,"$212,874,864",2008
875,Arrival,"$212,758,656",2016
876,Miss Congeniality,"$212,742,720",2000
877,Entrapment,"$212,404,396",1999
878,Ace Ventura: When Nature Calls,"$212,385,533",1995
879,End of Days,"$211,989,043",1999
880,Bridget Jones's Baby,"$211,952,420",2016
881,Fury,"$211,822,697",2014
882,Battle Los Angeles,"$211,819,354",2011
883,Australia,"$211,788,761",2008
884,Due Date,"$211,780,824",2010
885,Master and Commander: The Far Side of the World,"$211,622,535",2003
886,A Series of Unfortunate Events,"$211,468,235",2004
887,The Little Mermaid,"$211,343,479",1989
888,Nice View,"$211,019,042",2022
889,District 9,"$210,888,950",2009
890,Moonraker,"$210,308,099",1979
891,The Others,"$210,002,906",2001
892,Horrible Bosses,"$209,838,559",2011
893,Trolls Band Together,"$209,646,030",2023
894,Us and Them,"$209,221,380",2018
895,Red Dragon,"$209,196,298",2002
896,Tomorrowland,"$209,035,668",2015
897,Me Before You,"$208,445,075",2016
898,Safe House,"$208,076,205",2012
899,S.W.A.T.,"$207,725,639",2003
900,DC League of Super-Pets,"$207,557,117",2022
901,The Fast and the Furious,"$207,517,995",2001
902,Traffic,"$207,515,725",2000
903,Joker: Folie à Deux,"$207,500,287",2024
904,Paranormal Activity 3,"$207,039,844",2011
905,Philadelphia,"$206,678,440",1993
906,The Conjuring: The Devil Made Me Do It,"$206,431,050",2021
907,The Marvels,"$206,136,825",2023
908,Ponyo,"$206,094,615",2008
909,Sleepy Hollow,"$206,071,526",1999
910,The Jungle Book,"$205,843,612",1967
911,Raging Fire,"$205,842,393",2021
912,London Has Fallen,"$205,754,447",2016
913,The Break-Up,"$205,668,210",2006
914,Journey to the West: Conquering the Demons,"$205,637,183",2013
915,The Ugly Truth,"$205,599,393",2009
916,Birds of Prey and the Fantabulous Emancipation of One Harley Quinn,"$205,537,933",2020
917,Dungeons & Dragons: Honor Among Thieves,"$205,460,387",2023
918,JFK,"$205,405,498",1991
919,White House Down,"$205,366,737",2013
920,The Holiday,"$205,219,880",2006
921,PAW Patrol: The Mighty Movie,"$205,098,869",2023
922,A Dog's Purpose,"$205,035,819",2017
923,Fun with Dick and Jane,"$204,681,899",2005
924,Eat Pray Love,"$204,596,571",2010
925,Ghostbusters: Afterlife,"$204,445,747",2021
926,The Addams Family,"$204,394,183",2019
927,You Don't Mess with the Zohan,"$204,313,400",2008
928,Hairspray,"$203,630,031",2007
929,King Arthur,"$203,567,857",2004
930,Yogi Bear,"$203,509,374",2010
931,Everest,"$203,427,584",2015
932,Vanilla Sky,"$203,388,341",2001
933,Need for Speed,"$203,277,636",2014
934,Garfield: The Movie,"$203,172,417",2004
935,Patch Adams,"$202,292,902",1998
936,Teenage Mutant Ninja Turtles,"$202,084,756",1990
937,Ghostbusters: Frozen Empire,"$201,967,521",2024
938,Kindergarten Cop,"$201,957,688",1990
939,Straight Outta Compton,"$201,634,991",2015
940,21 Jump Street,"$201,585,556",2012
941,Valkyrie,"$201,545,517",2008
942,Open Season,"$200,811,689",2006
943,Cats & Dogs,"$200,687,492",2001
944,The Hunt for Red October,"$200,512,643",1990
945,Percy Jackson: Sea of Monsters,"$199,850,315",2013
946,The Lego Movie 2: The Second Part,"$199,603,202",2019
947,Two Weeks Notice,"$199,043,471",2002
948,Red,"$199,006,387",2010
949,Shock Wave 2,"$198,921,659",2020
950,City of Angels,"$198,685,114",1998
951,The Pacifier,"$198,636,868",2005
952,50 First Dates,"$198,520,934",2004
953,Total Recall,"$198,467,607",2012
954,The Island,"$198,326,350",2018
955,The Impossible,"$198,087,212",2012
956,Lost in Thailand,"$197,757,387",2012
957,Christopher Robin,"$197,744,825",2018
958,Jack the Giant Slayer,"$197,687,603",2013
959,Smurfs: The Lost Village,"$197,183,546",2017
960,Chinese Doctors,"$197,143,218",2021
961,Spy Kids 3: Game Over,"$197,101,678",2003
962,Panic Room,"$197,079,546",2002
963,The Other Woman,"$196,710,396",2014
964,Stargate,"$196,567,262",1994
965,Beowulf,"$196,393,745",2007
966,The Vow,"$196,114,570",2012
967,Anger Management,"$195,745,823",2003
968,Tropic Thunder,"$195,703,351",2008
969,Rocketman,"$195,320,400",2019
970,The Pelican Brief,"$195,268,056",1993
971,The Shape of Water,"$195,243,464",2017
972,The BFG,"$195,243,411",2016
973,The Intern,"$194,764,672",2015
974,Downton Abbey,"$194,694,725",2019
975,Gnomeo & Juliet,"$193,967,670",2011
976,The Sum of All Fears,"$193,921,372",2002
977,Gangs of New York,"$193,772,504",2002
978,The Post,"$193,764,664",2017
979,The Monkey King 2,"$193,678,298",2016
980,Paranormal Activity,"$193,355,933",2009
981,The Lost City,"$192,907,684",2022
982,Wallace & Gromit: The Curse of the Were-Rabbit,"$192,705,291",2005
983,Weathering with You,"$192,495,409",2019
984,The Equalizer,"$192,330,738",2014
985,Sheep Without a Shepherd,"$191,602,146",2019
986,The Addams Family,"$191,502,426",1991
987,The Longest Yard,"$191,466,556",2005
988,The Equalizer 3,"$191,067,560",2023
989,The Aristocats,"$191,000,000",1970
990,The Santa Clause,"$190,539,357",1994
991,Cheaper by the Dozen,"$190,538,630",2003
992,IF,"$190,535,708",2024
993,The Equalizer 2,"$190,400,157",2018
994,Abominable,"$190,304,772",2019
995,Hollow Man,"$190,213,455",2000
996,Outbreak,"$189,859,560",1995
997,Under the Light,"$189,404,720",2023
998,The White Storm 2: Drug Lords,"$189,396,380",2019
999,The X Files,"$189,176,423",1998
"1,000",Insidious: The Red Door,"$189,086,877",2023
